[
  {
    "name": "Elbphilharmonie",
    "location": "Hamburg",
    "image": "https://images.unsplash.com/photo-1553547274-0df401ae03c9?ixlib=rb-4.0.3&ixid=MnwxMjA3fDB8MHxzZWFyY2h8MTV8fGF1c3NlbmFsc3RlciUyMGhhbWJ1cmd8ZW58MHx8MHx8&auto=format&fit=crop&w=900&q=60",
    "mapURL": "https://www.google.com/maps/place/Elbphilharmonie+Hamburg/@53.543085,9.9859608,15.47z/data=!4m5!3m4!1s0x47b18f066770c44f:0xb2e4ab2a68984286!8m2!3d53.5413297!4d9.9841308",
    "description": "Lorem ipsum, dolor sit amet consectetur adipisicing elit. Eligendi dolorem inventore, minima, blanditiis similique rem incidunt modi, quibusdam magni accusamus repellat officia necessitatibus minus dolorum ut dolore. Adipisci, sed incidunt, quo ea deserunt ipsam natus fugit, nemo quaerat culpa architecto!"
  },
  {
    "name": "Reeperbahn",
    "location": "Hamburg",
    "image": "https://images.unsplash.com/photo-1599827552599-eadf5fb3c75f?ixlib=rb-4.0.3&ixid=MnwxMjA3fDB8MHxzZWFyY2h8MTh8fHJlZXBlcmJhaG4lMjBoYW1idXJnfGVufDB8fDB8fA%3D%3D&auto=format&fit=crop&w=900&q=60",
    "mapURL": "https://www.google.com/maps/place/Reeperbahn,+Hamburg/@53.5491522,9.9606555,15.91z/data=!4m5!3m4!1s0x47b18f720653ed5f:0xe81438a344df5125!8m2!3d53.5495695!4d9.9626148",
    "description": "Lorem ipsum, dolor sit amet consectetur adipisicing elit. Eligendi dolorem inventore, minima, blanditiis similique rem incidunt modi, quibusdam magni accusamus repellat officia necessitatibus minus dolorum ut dolore. Adipisci, sed incidunt, quo ea deserunt ipsam natus fugit, nemo quaerat culpa architecto!"
  },
  {
    "name": "Alster",
    "location": "Hamburg",
    "image": "https://images.unsplash.com/photo-1661943556486-d1f54893a94e?ixlib=rb-4.0.3&ixid=MnwxMjA3fDB8MHxzZWFyY2h8Mjh8fGF1c3NlbmFsc3RlciUyMGhhbWJ1cmd8ZW58MHx8MHx8&auto=format&fit=crop&w=900&q=60",
    "mapURL": "https://www.google.com/maps/place/Alsterufer/@53.5663635,9.999712,15.25z/data=!4m5!3m4!1s0x47b18f265a117a6d:0x9816cb4fc8715b6e!8m2!3d53.5661186!4d10.000864",
    "description": "Lorem ipsum, dolor sit amet consectetur adipisicing elit. Eligendi dolorem inventore, minima, blanditiis similique rem incidunt modi, quibusdam magni accusamus repellat officia necessitatibus minus dolorum ut dolore. Adipisci, sed incidunt, quo ea deserunt ipsam natus fugit, nemo quaerat culpa architecto!"
  },
  {
    "name": "Elbtunnel",
    "location": "Hamburg",
    "image": "https://images.unsplash.com/photo-1564260670111-18b14e5e0b3e?ixlib=rb-4.0.3&ixid=MnwxMjA3fDB8MHxzZWFyY2h8Mjl8fGF1c3NlbmFsc3RlciUyMGhhbWJ1cmd8ZW58MHx8MHx8&auto=format&fit=crop&w=900&q=60",
    "mapURL": "https://www.google.com/maps/place/Alter+Elbtunnel/@53.5462383,9.9671376,14.77z/data=!4m5!3m4!1s0x47b18f0ce5bf9bb7:0xd767f0eceb94c0c9!8m2!3d53.5458861!4d9.9665878",
    "description": "Lorem ipsum, dolor sit amet consectetur adipisicing elit. Eligendi dolorem inventore, minima, blanditiis similique rem incidunt modi, quibusdam magni accusamus repellat officia necessitatibus minus dolorum ut dolore. Adipisci, sed incidunt, quo ea deserunt ipsam natus fugit, nemo quaerat culpa architecto!"
  },
  {
    "name": "Wasserschloss",
    "location": "Hamburg",
    "image": "https://images.unsplash.com/photo-1473615695634-d284ec918736?ixlib=rb-4.0.3&ixid=MnwxMjA3fDB8MHxwaG90by1wYWdlfHx8fGVufDB8fHx8&auto=format&fit=crop&w=2128&q=80",
    "mapURL": "https://www.google.com/maps/place/WASSERSCHLOSS+Speicherstadt/@53.5451385,9.999659,17.23z/data=!4m5!3m4!1s0x47b18efd3dda753b:0x790bf534ded6c4b9!8m2!3d53.5455515!4d10.0001168",
    "description": "Lorem ipsum, dolor sit amet consectetur adipisicing elit. Eligendi dolorem inventore, minima, blanditiis similique rem incidunt modi, quibusdam magni accusamus repellat officia necessitatibus minus dolorum ut dolore. Adipisci, sed incidunt, quo ea deserunt ipsam natus fugit, nemo quaerat culpa architecto!"
  }
]
